company_id,name,ticker,exchange,country,category_node_id,role,rank_within_node,market_segment,pure_play_score,why_top_3,bottleneck_exposure,key_risks,time_horizon,confidence,source_id
COMP_NVDA_GPU,NVIDIA,NVDA,NASDAQ,US,L3_GPU,Designer of dominant data-center GPUs,1,Data center GPU and platform (CUDA / NVLink / NIC),high,Effective monopoly on training accelerators with the broadest software stack and ecosystem leadership.,severe,Customer concentration with hyperscalers; geopolitical / export-control headwinds; rising hyperscaler ASIC competition.,short,high,SRC_NVDA_10K
COMP_AMD_GPU,Advanced Micro Devices,AMD,NASDAQ,US,L3_GPU,Second-source data-center GPU,2,MI-series accelerators,medium,Only credible second-source GPU at scale; ROCm software stack improving but trails CUDA.,high,Software ecosystem gap; smaller installed base; capacity allocation at TSMC.,short,high,SRC_AMD_10K
COMP_INTC_GPU,Intel,INTC,NASDAQ,US,L3_GPU,Third-tier accelerator with Gaudi line,3,Gaudi 2/3 accelerator,low,Smaller share but the only U.S. IDM with leading-edge ambition and a U.S. fab roadmap.,high,Execution risk on foundry roadmap; subscale AI accelerator market share.,medium,medium,SRC_INTC_10K
COMP_AVGO_ASIC,Broadcom,AVGO,NASDAQ,US,L3_HYPERSCALER_ASIC,ASIC design partner for hyperscalers; switch ASIC,1,Custom ASIC and AI-networking,high,Designs Google TPU and other hyperscaler ASICs plus dominant DC switch silicon.,high,Hyperscaler ASIC programs can in-source over time.,short,high,SRC_AVGO_10K
COMP_MRVL_ASIC,Marvell Technology,MRVL,NASDAQ,US,L3_HYPERSCALER_ASIC,ASIC design partner for hyperscalers,2,Custom silicon for hyperscalers,medium,Trainium / custom-ASIC design partner with optical DSP exposure.,high,Customer concentration; cyclical broader semis exposure.,short,high,SRC_MRVL_10K
COMP_LSCC_FPGA,Lattice Semiconductor,LSCC,NASDAQ,US,L3_FPGA,Low/mid-range FPGAs,1,Low-power and edge FPGA,high,Pure-play FPGA name with edge-AI exposure.,medium,Cyclical industrial / comms exposure.,medium,medium,SRC_AMD_10K
COMP_AMD_FPGA,AMD (Xilinx),AMD,NASDAQ,US,L3_FPGA,High-performance FPGAs and adaptive compute,2,Versal / Alveo,low,Xilinx is the high-end FPGA + adaptive SoC franchise.,medium,Diluted within AMD; ASIC competition for inference.,medium,high,SRC_AMD_10K
COMP_INTC_CPU,Intel,INTC,NASDAQ,US,L2_CPU,Server CPU incumbent,1,Xeon server CPU,medium,Largest server CPU installed base at hyperscalers.,medium,Share losses to AMD and Arm-class server.,medium,high,SRC_INTC_10K
COMP_AMD_CPU,AMD,AMD,NASDAQ,US,L2_CPU,Server CPU challenger taking share,2,EPYC server CPU,medium,Has taken meaningful share at hyperscalers.,medium,Cyclicality; Arm displacement risk.,medium,high,SRC_AMD_10K
COMP_ARM_IP,Arm Holdings,ARM,NASDAQ,UK,L1_SEMI_IP,Dominant CPU IP licensor,1,IP and royalties,high,Royalty stream attached to most non-x86 server and edge compute.,high,Royalty-rate disputes; customer disintermediation via RISC-V.,medium,high,SRC_ARM_20F
COMP_SNPS_IP,Synopsys,SNPS,NASDAQ,US,L1_SEMI_IP,Major IP block licensor,2,IP cores and PHYs,medium,Second-largest IP business after Arm; deep PHY portfolio.,medium,EDA and IP combined exposure; cyclicality.,medium,high,SRC_SNPS_10K
COMP_RMBS_IP,Rambus,RMBS,NASDAQ,US,L1_SEMI_IP,Memory PHY and security IP,3,Memory interface IP,high,Pure-play memory-PHY licensor relevant to HBM and DDR5.,medium,Smaller scale; legal / royalty volatility.,medium,medium,SRC_SNPS_10K
COMP_SNPS_EDA,Synopsys,SNPS,NASDAQ,US,L1_EDA,Top-2 EDA vendor,1,EDA tools and IP,high,Co-leader in advanced-node design and verification toolchains.,severe,Long sales cycles; consolidation already pushed.,medium,high,SRC_SNPS_10K
COMP_CDNS_EDA,Cadence Design Systems,CDNS,NASDAQ,US,L1_EDA,Top-2 EDA vendor,2,EDA tools and IP,high,Co-leader in advanced-node design and verification.,severe,Same as SNPS; export-control sensitivity.,medium,high,SRC_CDNS_10K
COMP_TSM_FOUNDRY,Taiwan Semiconductor (TSMC),TSM,NYSE,Taiwan,L2_LEADING_EDGE_FOUNDRY,Dominant leading-edge foundry,1,Leading-edge foundry and CoWoS packaging,high,Sole credible 3nm-class supplier at scale; runs CoWoS in-house.,severe,Geographic concentration in Taiwan; capex cyclicality.,medium,high,SRC_TSM_20F
COMP_INTC_FOUNDRY,Intel Foundry,INTC,NASDAQ,US,L2_LEADING_EDGE_FOUNDRY,Emerging foundry challenger,2,18A and Intel-internal nodes,low,Only U.S.-headquartered leading-edge fab effort; CHIPS Act anchored.,high,Execution risk; customer wins TBD.,long,medium,SRC_INTC_10K
COMP_GFS_FOUNDRY,GlobalFoundries,GFS,NASDAQ,US,L2_SPECIALTY_FOUNDRY,Specialty / mature-node foundry,1,RF; analog; FDX; auto,high,Largest U.S.-listed specialty foundry serving AI-server analog and PMIC content.,medium,Mature-node ASP pressure.,medium,high,SRC_INTC_10K
COMP_TSEM_FOUNDRY,Tower Semiconductor,TSEM,NASDAQ,Israel,L2_SPECIALTY_FOUNDRY,Specialty foundry,2,Analog; RF; CMOS image sensor,medium,Specialty analog and silicon photonics process exposure.,medium,Smaller scale; competing with GFS / UMC-foreign.,medium,medium,SRC_INTC_10K
COMP_AMKR_PKG,Amkor Technology,AMKR,NASDAQ,US,L1_PACKAGING,Largest U.S.-listed OSAT,1,OSAT and advanced packaging,high,Closest U.S.-listed pure-play to advanced packaging exposure.,high,Trails ASE in CoWoS-equivalent capacity; not running TSMC's CoWoS itself.,medium,high,SRC_AMKR_10K
COMP_TSM_PKG,TSMC,TSM,NYSE,Taiwan,L2_COWOS,CoWoS provider,1,CoWoS-S / CoWoS-L / CoWoS-R packaging,high,The only meaningful CoWoS provider at scale.,severe,Capacity-constrained; Taiwan concentration.,medium,high,SRC_TSM_20F
COMP_MU_HBM,Micron Technology,MU,NASDAQ,US,L2_HBM,Only U.S.-listed HBM producer,1,HBM3e / HBM4 stacks,high,Sole U.S.-listed HBM exposure; capacity sold out into 2026.,severe,Cyclicality of broader DRAM; trails SK hynix in HBM share.,short,high,SRC_MU_10K
COMP_MU_DRAM,Micron Technology,MU,NASDAQ,US,L2_DRAM,Major DRAM producer,1,DDR5 server DRAM,high,Only U.S.-listed pure-play DRAM.,medium,Cyclicality; trade-policy exposure.,short,high,SRC_MU_10K
COMP_MU_NAND,Micron Technology,MU,NASDAQ,US,L2_NAND,Major NAND producer,1,NAND for AI servers,high,U.S.-listed NAND exposure for high-tier flash.,medium,NAND pricing volatility.,short,high,SRC_MU_10K
COMP_WDC_STORAGE,Western Digital,WDC,NASDAQ,US,L1_STORAGE,HDD / flash systems supplier,1,HDD platforms and adjacent storage,medium,Largest HDD platform supplier post-SanDisk separation.,medium,HDD-NAND cycle.,short,high,SRC_WDC_10K
COMP_STX_STORAGE,Seagate Technology,STX,NASDAQ,US,L1_STORAGE,HDD platform supplier,2,Mass-capacity HDDs,medium,Mass-capacity HDDs serve AI training datasets and warm storage.,medium,Substitution risk from QLC NAND in some tiers.,short,high,SRC_WDC_10K
COMP_NTAP_STORAGE,NetApp,NTAP,NASDAQ,US,L1_STORAGE,Enterprise storage systems,3,All-flash arrays and hybrid systems,medium,Storage stacks integrating into AI data pipelines.,low,Subscale next to hyperscaler internal storage.,medium,medium,SRC_WDC_10K
COMP_AVGO_NET,Broadcom,AVGO,NASDAQ,US,L2_SWITCH_ASIC,Top switch silicon,1,Tomahawk / Jericho ASICs,high,Dominant share in DC switching silicon.,severe,Hyperscaler ASIC self-design pressure.,short,high,SRC_AVGO_10K
COMP_NVDA_NET,NVIDIA (Mellanox),NVDA,NASDAQ,US,L2_SWITCH_ASIC,Spectrum / Quantum switching,2,Spectrum / Quantum InfiniBand and Ethernet,high,InfiniBand monopoly plus Spectrum-X gains.,severe,InfiniBand share could erode if Ultra-Ethernet succeeds.,medium,high,SRC_NVDA_10K
COMP_MRVL_NET,Marvell,MRVL,NASDAQ,US,L2_SWITCH_ASIC,Networking silicon and DSPs,3,Optical DSP and switch silicon,medium,Optical DSP for transceivers; some switch silicon.,high,Customer concentration; share narrative versus AVGO.,medium,medium,SRC_MRVL_10K
COMP_ANET_NET,Arista Networks,ANET,NYSE,US,L1_NETWORKING,DC switch systems,1,Cloud / AI ethernet switches,high,Most AI-tilted U.S.-listed networking name; Meta and Microsoft customers.,high,Customer concentration.,short,high,SRC_ANET_10K
COMP_CSCO_NET,Cisco Systems,CSCO,NASDAQ,US,L1_NETWORKING,DC and enterprise networking,2,Switching; routing; security,medium,Largest revenue base in networking; broader portfolio diluted.,medium,Slow AI mix shift.,medium,high,SRC_ANET_10K
COMP_HPE_NET,Hewlett Packard Enterprise,HPE,NYSE,US,L1_NETWORKING,AI networking via HPE Networking and acquired Juniper portfolio,3,AI-native switching; routing; campus and data-center networking,medium,HPE became the U.S.-listed public proxy for Juniper's AI-native networking assets after the acquisition closed and JNPR ceased NYSE trading.,medium,Integration execution; competition with Cisco and Arista; divestiture obligations from DOJ settlement.,medium,high,SRC_HPE_JUNIPER_CLOSE
COMP_COHR_OPT,Coherent,COHR,NYSE,US,L2_TRANSCEIVERS,Optical transceiver supplier,1,800G / 1.6T transceivers,high,Top-tier supplier to NVDA and hyperscalers; scale in optical.,high,Transceiver pricing pressure; competition from Innolight-foreign.,short,high,SRC_COHR_10K
COMP_LITE_OPT,Lumentum,LITE,NASDAQ,US,L2_TRANSCEIVERS,Lasers and components,2,DC and 3D-sensing components,high,Indium phosphide and EML laser exposure.,high,Customer concentration; mix shift to silicon-photonics integrators.,short,high,SRC_LITE_10K
COMP_FN_OPT,Fabrinet,FN,NYSE,US,L2_TRANSCEIVERS,Optical contract manufacturer,3,Contract manufacturing,high,Manufactures NVDA optics and other optical engines.,high,Customer concentration with NVDA.,short,high,SRC_FN_10K
COMP_ALAB_PCIE,Astera Labs,ALAB,NASDAQ,US,L2_PCIE_CXL,Connectivity silicon for AI servers,1,PCIe / CXL / Ethernet retimers and gearboxes,high,Pure-play AI-server connectivity.,high,Newer business; dependent on AI server cycle.,short,high,SRC_ALAB_10K
COMP_AAOI_OPT,Applied Optoelectronics,AAOI,NASDAQ,US,L2_TRANSCEIVERS,Optical components,N/A,Cable / fiber components,medium,Smaller scale; partial DC exposure.,medium,Customer concentration; legacy CATV mix.,medium,medium,SRC_LITE_10K
COMP_DELL_SRV,Dell Technologies,DELL,NYSE,US,L1_SERVERS,AI server systems,1,PowerEdge AI servers,medium,Largest U.S.-listed AI server system integrator.,high,Margin pressure; competitive vs SMCI.,short,high,SRC_DELL_10K
COMP_HPE_SRV,Hewlett Packard Enterprise,HPE,NYSE,US,L1_SERVERS,AI server systems and supercomputers,2,GreenLake / Cray / ProLiant,medium,Cray / supercomputing share for sovereign AI builds.,medium,Slower AI ramp than Dell / SMCI; integrating Juniper.,medium,high,SRC_HPE_10K
COMP_SMCI_SRV,Super Micro Computer,SMCI,NASDAQ,US,L1_SERVERS,AI server systems,3,GPU server racks,high,Most pure-play AI server integrator on the U.S. market.,high,Governance / accounting overhang in 2024-2025.,short,medium,SRC_SMCI_10K
COMP_MSFT_HYP,Microsoft,MSFT,NASDAQ,US,L1_HYPERSCALERS,Hyperscale cloud,1,Azure / OpenAI partnership,medium,Largest external buyer of NVDA GPUs and primary OpenAI infra partner.,medium,Capex efficiency uncertain; OpenAI relationship risks.,short,high,SRC_FT_AI_INFRA
COMP_AMZN_HYP,Amazon,AMZN,NASDAQ,US,L1_HYPERSCALERS,Hyperscale cloud,2,AWS / Trainium / Bedrock,medium,Trainium ASIC roadmap plus Anthropic partnership.,medium,AI mix smaller share of revenue; capex pressure.,short,high,SRC_FT_AI_INFRA
COMP_GOOGL_HYP,Alphabet,GOOGL,NASDAQ,US,L1_HYPERSCALERS,Hyperscale cloud,3,GCP / TPU / Gemini,medium,Long-tenured TPU program and Gemini integration.,medium,Search disruption risk; capex burden.,short,high,SRC_FT_AI_INFRA
COMP_ORCL_HYP,Oracle,ORCL,NYSE,US,L1_HYPERSCALERS,Hyperscale cloud,N/A,OCI / Stargate participant,low,Smaller hyperscaler scale; rapid OCI growth in AI deals.,medium,Heavy capex; customer concentration risk.,short,high,SRC_FT_AI_INFRA
COMP_CRWV_NEO,CoreWeave,CRWV,NASDAQ,US,L1_NEOCLOUDS,Pure-play GPU cloud,1,GPU cloud capacity,high,Largest publicly listed neocloud exposed to NVDA capacity.,high,Customer concentration with Microsoft; refinancing risk.,short,high,SRC_CRWV_S1
COMP_NBIS_NEO,Nebius Group,NBIS,NASDAQ,Netherlands,L1_NEOCLOUDS,GPU cloud,2,GPU cloud and AI services,high,Yandex spinoff with EU GPU build-out.,high,Smaller scale; geopolitical and historical Yandex baggage.,short,medium,SRC_NBIS_F1
COMP_IREN_NEO,IREN Limited,IREN,NASDAQ,Australia,L1_NEOCLOUDS,GPU cloud (former bitcoin miner),3,GPU cloud capacity,medium,Pivot from BTC mining to GPU cloud; ADR-equivalent on Nasdaq.,medium,Pivot execution; remaining BTC mining exposure.,medium,medium,SRC_CRWV_S1
COMP_EQIX_DC,Equinix,EQIX,NASDAQ,US,L1_DC_REIT,Retail colocation REIT,1,Interconnection-rich retail colo,medium,Largest interconnection franchise globally.,medium,Power-constrained markets; capex intensity.,short,high,SRC_EQIX_10K
COMP_DLR_DC,Digital Realty Trust,DLR,NYSE,US,L1_DC_REIT,Wholesale and hyperscale DC REIT,2,Hyperscale and PowerHouse,medium,Largest pure-play wholesale DC REIT.,medium,Capex intensity; tenant concentration.,short,high,SRC_DLR_10K
COMP_IRM_DC,Iron Mountain,IRM,NYSE,US,L1_DC_REIT,Storage plus growing DC,3,Records storage plus DC,low,Hybrid story; growing DC segment.,low,Most revenue still legacy storage.,medium,medium,SRC_DLR_10K
COMP_PWR_CON,Quanta Services,PWR,NYSE,US,L1_DC_CONSTRUCTION,Specialty utility / DC contractor,1,Electric power infrastructure,high,Largest U.S.-listed electric power infrastructure contractor.,high,Labor inflation; project risk.,short,high,SRC_PWR_10K
COMP_MTZ_CON,MasTec,MTZ,NYSE,US,L1_DC_CONSTRUCTION,Communications and power infrastructure,2,Communications / power / clean energy,medium,Significant communications and power infrastructure backlog.,medium,Cyclicality across segments.,short,high,SRC_MTZ_10K
COMP_FIX_CON,Comfort Systems USA,FIX,NYSE,US,L1_DC_CONSTRUCTION,Mechanical contractor,3,Modular construction; mechanical,high,Heavy modular DC fitout; growing AI exposure.,high,Labor and project risk.,short,high,SRC_FIX_10K
COMP_EME_CON,EMCOR Group,EME,NYSE,US,L1_DC_CONSTRUCTION,Electrical / mechanical contractor,N/A,Electrical / mechanical contracting,medium,Strong DC segment but more diversified than FIX.,medium,Labor inflation.,short,high,SRC_EME_10K
COMP_DY_CON,Dycom,DY,NYSE,US,L1_DC_CONSTRUCTION,Communications infrastructure,N/A,Telecom and fiber buildouts,medium,Adjacent to DC fiber buildouts.,medium,Customer concentration.,medium,medium,SRC_PWR_10K
COMP_PRIM_CON,Primoris Services,PRIM,NYSE,US,L1_DC_CONSTRUCTION,Power and energy infrastructure,N/A,Substations and renewables,medium,Substation construction tied to DC growth.,medium,Project execution.,medium,medium,SRC_PWR_10K
COMP_VRT_PWR,Vertiv Holdings,VRT,NYSE,US,L1_DC_POWER_INTERNAL,DC power and thermal infrastructure,1,UPS; PDU; thermal,high,Most pure-play U.S.-listed DC power and thermal name.,high,Customer concentration; competition from ETN.,short,high,SRC_VRT_10K
COMP_ETN_PWR,Eaton Corporation,ETN,NYSE,US,L1_DC_POWER_INTERNAL,Electrical equipment,2,UPS; switchgear; busways,medium,DC power exposure growing materially.,medium,Cyclicality; pricing competition.,short,high,SRC_ETN_10K
COMP_VRT_UPS,Vertiv Holdings,VRT,NYSE,US,L1_UPS,UPS systems,1,UPS modules,high,Largest U.S.-listed pure-play DC UPS exposure.,high,Battery-supply linkage; competition.,short,high,SRC_VRT_10K
COMP_ETN_UPS,Eaton,ETN,NYSE,US,L1_UPS,UPS systems,2,UPS modules,medium,Major share alongside Schneider and Vertiv.,medium,Same as above.,short,high,SRC_ETN_10K
COMP_GEV_GRID,GE Vernova,GEV,NYSE,US,L1_GRID_EQUIPMENT,Gas turbines plus grid equipment,1,Gas turbines; transformers; grid software,high,Multi-year backlog at gas turbines and grid.,severe,Backlog conversion risk; supply chain.,short,high,SRC_GEV_10K
COMP_ETN_GRID,Eaton,ETN,NYSE,US,L1_GRID_EQUIPMENT,Electrical equipment,2,Switchgear; medium-voltage transformers,medium,Strong utility and DC exposure.,high,Cyclicality.,short,high,SRC_ETN_10K
COMP_HUBB_GRID,Hubbell,HUBB,NYSE,US,L1_GRID_EQUIPMENT,Utility solutions and electrical,3,Utility solutions; meters; medium-power transformers,high,Pure-play utility solutions; transformer exposure.,high,Same as above.,short,high,SRC_HUBB_10K
COMP_POWL_GRID,Powell Industries,POWL,NASDAQ,US,L2_HV_SWITCHGEAR,Switchgear and E-houses,1,HV / MV switchgear and E-houses,high,Pure-play switchgear with record backlog.,high,Customer concentration; oil and gas exposure.,short,high,SRC_POWL_10K
COMP_NVT_GRID,nVent Electric,NVT,NYSE,US,L1_DC_POWER_INTERNAL,Electrical enclosures and connectivity,3,Enclosures and liquid cooling for DC,medium,Liquid cooling and enclosure exposure.,medium,Smaller scale.,medium,medium,SRC_VRT_10K
COMP_ATKR_GRID,Atkore,ATKR,NYSE,US,L1_T_AND_D,Electrical conduit and cable management,N/A,Conduit; cable management,medium,Volume exposure to electrical builds.,medium,Cyclicality.,medium,medium,SRC_ETN_10K
COMP_CMI_GEN,Cummins,CMI,NYSE,US,L1_GENSETS,Diesel and gas gensets,1,Power systems segment,medium,Largest U.S.-listed standby generation supplier.,medium,Lead-time normalization risk.,short,high,SRC_GEV_10K
COMP_CAT_GEN,Caterpillar,CAT,NYSE,US,L1_GENSETS,Diesel gensets and gas reciprocating engines,2,Energy & Transportation,low,Wide footprint in DC backup.,medium,Construction-cycle exposure.,short,high,SRC_GEV_10K
COMP_GNRC_GEN,Generac,GNRC,NYSE,US,L1_GENSETS,Industrial / commercial gensets,3,C&I and residential generators,medium,Smaller commercial DC backup share than CMI.,low,Residential mix dilution.,medium,medium,SRC_GEV_10K
COMP_VRT_COOL,Vertiv,VRT,NYSE,US,L2_LIQUID_COOLING,Liquid cooling systems,1,CDUs and rear-door HX,high,One of few pure-play liquid-cooling vendors at scale.,high,Competition from private CoolIT and foreign Asetek.,short,high,SRC_VRT_10K
COMP_TT_COOL,Trane Technologies,TT,NYSE,Ireland-domiciled,L1_COOLING,HVAC and chillers,1,Industrial chillers and CRAH,medium,Major DC chiller supplier.,medium,Cyclicality.,medium,high,SRC_VRT_10K
COMP_JCI_COOL,Johnson Controls,JCI,NYSE,Ireland-domiciled,L1_COOLING,HVAC and DC cooling,2,DC cooling and controls,medium,Strong DC building automation.,medium,Macro cyclicality.,medium,high,SRC_VRT_10K
COMP_LII_COOL,Lennox International,LII,NYSE,US,L1_COOLING,HVAC,3,Commercial HVAC,low,Smaller DC exposure than TT or JCI.,low,Residential mix.,medium,medium,SRC_VRT_10K
COMP_MOD_COOL,Modine Manufacturing,MOD,NYSE,US,L2_LIQUID_COOLING,Liquid cooling and coils,2,DC liquid coils and CDUs,high,Pure-play exposure to DC liquid cooling growth.,high,Smaller scale.,short,high,SRC_VRT_10K
COMP_XYL_WATER,Xylem,XYL,NYSE,US,L1_WATER,Water systems and instrumentation,1,Pumps; treatment; analytics,medium,Largest U.S.-listed pure-play water systems.,medium,Cyclicality.,medium,high,SRC_VRT_10K
COMP_VLTO_WATER,Veralto,VLTO,NYSE,US,L1_WATER,Water analytics and quality,2,Water-quality instruments,medium,Spinoff with strong water-analytics franchise.,medium,Smaller scale than XYL.,medium,medium,SRC_VRT_10K
COMP_ECL_WATER,Ecolab,ECL,NYSE,US,L1_WATER,Industrial water and hygiene,3,Industrial water treatment,low,DC water-treatment exposure indirect.,low,Diversified mix.,medium,medium,SRC_VRT_10K
COMP_AWK_WATER,American Water Works,AWK,NYSE,US,L1_WATER,Regulated water utility,N/A,Regulated water utility,low,Indirect to DC growth.,low,Regulated returns.,long,medium,SRC_VRT_10K
COMP_CEG_NUC,Constellation Energy,CEG,NYSE,US,L2_LWR,LWR fleet operator,1,Largest U.S. nuclear fleet,high,Largest U.S. nuclear-fleet operator with hyperscaler PPA discussions.,medium,Regulatory / safety event risk.,short,high,SRC_CEG_10K
COMP_VST_NUC,Vistra,VST,NYSE,US,L2_LWR,IPP with nuclear,2,IPP with nuclear and gas,medium,Comanche Peak nuclear and gas portfolio with growing DC exposure.,medium,Power-price exposure.,short,high,SRC_VST_10K
COMP_TLN_NUC,Talen Energy,TLN,NASDAQ,US,L2_LWR,Susquehanna nuclear plus AWS,3,Susquehanna nuclear,high,AWS Cumulus PPA precedent for hyperscaler nuclear deals.,high,Regulatory ruling on co-location precedent.,short,high,SRC_TLN_10K
COMP_BWXT_NUC,BWX Technologies,BWXT,NYSE,US,L2_SMR,Naval and SMR fuel and components,1,SMR / naval reactor components and fuel,high,Established SMR / naval reactor manufacturer.,medium,Long lead times to SMR commercialization.,medium,high,SRC_BWXT_10K
COMP_OKLO_NUC,Oklo,OKLO,NYSE,US,L2_SMR,Microreactor developer,2,Aurora microreactor,high,Pre-revenue microreactor developer with hyperscaler MOUs.,medium,Pre-revenue execution risk.,long,low,SRC_OKLO_10K
COMP_SMR_NUC,NuScale Power,SMR,NYSE,US,L2_SMR,SMR developer,3,NuScale Power Module,high,Pre-revenue SMR with first U.S. NRC design certification.,medium,Project cancellations have hit pipeline.,long,low,SRC_SMR_10K
COMP_LEU_FUEL,Centrus Energy,LEU,NYSE_AMERICAN,US,L4_CONVERSION_ENRICHMENT,U.S. uranium enrichment,1,LEU / HALEU enrichment,high,Only U.S.-listed pure-play enrichment with active HALEU program.,severe,Subsidy / contract dependence.,medium,high,SRC_LEU_10K
COMP_CCJ_FUEL,Cameco,CCJ,NYSE,Canada,L4_URANIUM_MINING,Uranium mining + fuel services,1,U mining; conversion; fabrication via Westinghouse,high,Largest North American uranium and fuel-services franchise (ADR).,high,Geopolitical / production risk.,medium,high,SRC_CCJ_AR
COMP_UEC_FUEL,Uranium Energy Corp,UEC,NYSE_AMERICAN,US,L4_URANIUM_MINING,U.S. ISR uranium production,2,U.S. ISR uranium,high,Pure-play U.S. ISR producer.,medium,Permitting; commodity prices.,medium,high,SRC_UEC_10K
COMP_UUUU_FUEL,Energy Fuels,UUUU,NYSE_AMERICAN,US,L4_URANIUM_MINING,Uranium plus rare earths,3,Uranium and emerging REE,medium,Diversified uranium and rare-earth processing.,medium,Capital intensity.,medium,high,SRC_UUUU_10K
COMP_DNN_FUEL,Denison Mines,DNN,NYSE_AMERICAN,Canada,L4_URANIUM_MINING,Uranium developer,N/A,Wheeler River project,medium,Canadian ISR development.,medium,Pre-production.,long,medium,SRC_UEC_10K
COMP_GEV_GAS,GE Vernova,GEV,NYSE,US,L3_GAS_TURBINE,Industrial gas turbines,1,F / H / HA-class turbines,high,U.S.-listed leader in industrial gas turbines.,severe,Backlog conversion; service mix.,short,high,SRC_GEV_10K
COMP_NEE_REN,NextEra Energy,NEE,NYSE,US,L1_RENEWABLES,Largest renewables developer,1,Wind / solar / storage / regulated utility,medium,Largest U.S. renewables developer feeding hyperscaler PPAs.,medium,Interest-rate sensitivity.,medium,high,SRC_VRT_10K
COMP_FSLR_REN,First Solar,FSLR,NASDAQ,US,L1_RENEWABLES,Solar module manufacturer,2,CdTe modules,high,Only U.S. domestic solar module manufacturer at scale.,medium,Subsidy / IRA risk.,medium,high,SRC_VRT_10K
COMP_AES_REN,AES Corporation,AES,NYSE,US,L1_RENEWABLES,IPP with renewables tilt,3,Renewables IPP and storage,medium,Material renewables development pipeline.,medium,Leverage; emerging-markets exposure.,medium,medium,SRC_VRT_10K
COMP_TSLA_ESS,Tesla,TSLA,NASDAQ,US,L1_STORAGE_ESS,Megapack BESS,1,Megapack BESS,low,Largest U.S.-listed BESS deployments via Megapack.,medium,Auto cyclicality dilutes pure-play exposure.,medium,medium,SRC_VRT_10K
COMP_FLNC_ESS,Fluence Energy,FLNC,NASDAQ,US,L1_STORAGE_ESS,Grid-scale BESS,2,BESS systems integrator,high,Pure-play BESS integrator.,medium,Project execution; pricing.,medium,medium,SRC_VRT_10K
COMP_STEM_ESS,Stem Inc.,STEM,NYSE,US,L1_STORAGE_ESS,BESS software and services,3,Athena BESS optimization,high,BESS software exposure.,low,Subscale; capital constraints.,medium,low,SRC_VRT_10K
COMP_ASML_LITHO,ASML Holding,ASML,NASDAQ,Netherlands,L1_LITHO,EUV and DUV systems,1,EUV monopoly,high,Sole supplier of EUV exposure systems.,severe,China / export-control exposure; cyclicality.,medium,high,SRC_ASML_AR
COMP_AMAT_DEP,Applied Materials,AMAT,NASDAQ,US,L1_DEPOSITION,Deposition equipment,1,CVD / PVD / ALD; metallization,high,Largest U.S.-listed front-end equipment vendor.,severe,China revenue exposure; cyclicality.,short,high,SRC_AMAT_10K
COMP_LRCX_ETCH,Lam Research,LRCX,NASDAQ,US,L1_ETCH,Etch and deposition,1,Etch leader; clean; deposition,high,Etch market leader plus clean.,severe,Cyclicality; export controls.,short,high,SRC_LRCX_10K
COMP_AMAT_ETCH,Applied Materials,AMAT,NASDAQ,US,L1_ETCH,Etch equipment,2,Etch (selectra et al.),high,Number-two etch supplier.,severe,Same as above.,short,high,SRC_AMAT_10K
COMP_KLAC_METRO,KLA Corporation,KLAC,NASDAQ,US,L1_METROLOGY,Process control and inspection,1,Optical and e-beam inspection,high,Dominant share in inspection at advanced nodes.,severe,Cyclicality; Chinese export controls.,short,high,SRC_KLAC_10K
COMP_ONTO_METRO,Onto Innovation,ONTO,NYSE,US,L1_METROLOGY,Optical metrology,2,Optical metrology and inspection,high,Pure-play metrology adjacent to KLA.,high,Cyclicality.,medium,high,SRC_ONTO_10K
COMP_NVMI_METRO,Nova Ltd,NVMI,NASDAQ,Israel,L1_METROLOGY,Metrology,3,OCD and X-ray metrology,high,Pure-play metrology with leading-edge growth.,high,Smaller scale.,medium,high,SRC_NVMI_20F
COMP_CAMT_METRO,Camtek,CAMT,NASDAQ,Israel,L1_METROLOGY,Metrology and packaging inspection,N/A,Advanced packaging inspection,high,Pure-play exposure to advanced packaging inspection.,high,Smaller scale.,medium,medium,SRC_NVMI_20F
COMP_LRCX_CLEAN,Lam Research,LRCX,NASDAQ,US,L1_WAFER_CLEAN,Wafer clean equipment,1,Single-wafer wet clean,high,Strong clean franchise.,medium,Same as etch exposure.,short,high,SRC_LRCX_10K
COMP_ACMR_CLEAN,ACM Research,ACMR,NASDAQ,US,L1_WAFER_CLEAN,Wafer clean equipment,2,SAPS / TEBO / ECP / front-end clean,high,U.S.-listed pure play with growing share.,high,China revenue concentration.,medium,medium,SRC_ACMR_10K
COMP_AMAT_IMPLANT,Applied Materials,AMAT,NASDAQ,US,L1_ION_IMPLANT,Ion implantation,1,Implant systems,medium,Number-one implant share.,medium,Cyclicality.,short,high,SRC_AMAT_10K
COMP_ACLS_IMPLANT,Axcelis Technologies,ACLS,NASDAQ,US,L1_ION_IMPLANT,Ion implantation,2,Power-device implant,high,Pure-play implant for SiC and other power devices.,medium,Customer concentration.,medium,high,SRC_ACLS_10K
COMP_AMAT_CMP,Applied Materials,AMAT,NASDAQ,US,L1_CMP,CMP equipment,1,CMP systems,medium,Largest U.S.-listed CMP equipment supplier.,medium,Same.,short,high,SRC_AMAT_10K
COMP_TER_TEST,Teradyne,TER,NASDAQ,US,L2_TEST_EQUIP,Semi test equipment,1,SoC and memory test,high,Largest U.S.-listed test equipment vendor.,high,Cyclicality.,short,high,SRC_TER_10K
COMP_COHU_TEST,Cohu,COHU,NASDAQ,US,L2_TEST_EQUIP,Test handlers and contactors,2,Auto / industrial test,medium,Test handlers and contactors.,medium,Auto / industrial cyclicality.,medium,medium,SRC_TER_10K
COMP_AEHR_TEST,Aehr Test Systems,AEHR,NASDAQ,US,L2_TEST_EQUIP,Wafer-level burn-in,3,Wafer-level burn-in,high,Pure-play burn-in for SiC and AI accelerators.,medium,Customer concentration.,medium,low,SRC_TER_10K
COMP_PLAB_MASKS,Photronics,PLAB,NASDAQ,US,L2_PHOTOMASKS,Photomasks,1,Photomasks for U.S. logic / memory,high,Largest U.S.-listed photomask vendor.,high,Capacity vs Toppan and DNP foreign.,medium,high,SRC_PLAB_10K
COMP_KLIC_PKG,Kulicke & Soffa,KLIC,NASDAQ,US,L1_PACKAGING,Bonders for advanced packaging,2,Wire / wedge / advanced bonders,high,U.S.-listed bonder exposure.,high,Cyclicality.,medium,medium,SRC_AMAT_10K
COMP_MKSI_SUB,MKS Instruments,MKSI,NASDAQ,US,L1_SEMI_EQUIP,Vacuum and gas-handling subsystems,1,Process subsystems,high,Vacuum / RF / gas-handling subsystems used by all major OEMs.,high,Cyclicality.,medium,high,SRC_MKSI_10K
COMP_ICHR_SUB,Ichor Holdings,ICHR,NASDAQ,US,L1_SEMI_EQUIP,Fluid-delivery subsystems,2,Gas and chemical delivery modules,high,Pure-play subsystem supplier.,high,Customer concentration with LRCX.,medium,medium,SRC_MKSI_10K
COMP_UCTT_SUB,Ultra Clean Holdings,UCTT,NASDAQ,US,L1_SEMI_EQUIP,Subsystems,3,Subsystem supplier to Lam and AMAT,high,Customer concentration with LRCX.,high,Cyclicality.,medium,medium,SRC_MKSI_10K
COMP_ENTG_CHEM,Entegris,ENTG,NASDAQ,US,L1_SPECIALTY_CHEM,Specialty materials and handling,1,Process chemicals; advanced materials,high,Most pure-play U.S.-listed semiconductor specialty materials name.,high,Customer concentration.,short,high,SRC_ENTG_10K
COMP_DD_CHEM,DuPont,DD,NYSE,US,L1_SPECIALTY_CHEM,Specialty chemicals and slurries,2,Electronic Solutions; CMP slurry,medium,Significant electronics specialty chemicals exposure.,medium,Diversified mix.,medium,high,SRC_ENTG_10K
COMP_CC_CHEM,Chemours,CC,NYSE,US,L1_SPECIALTY_CHEM,Fluorochemicals,3,HF; specialty fluorides,medium,Fluorine chemistry exposure relevant to fab process gases.,medium,Diversified mix; legal liabilities.,medium,medium,SRC_ENTG_10K
COMP_LIN_GAS,Linde plc,LIN,NYSE,UK,L1_INDUSTRIAL_GAS,Largest industrial gas firm,1,Bulk and electronic gases,high,Co-leader in industrial gases including noble-gas chain.,high,Cyclicality; large-project execution.,medium,high,SRC_LIN_10K
COMP_APD_GAS,Air Products,APD,NYSE,US,L1_INDUSTRIAL_GAS,Industrial gases,2,Bulk and electronic gases,high,Co-leader in industrial gases.,high,Hydrogen project execution.,medium,high,SRC_APD_10K
COMP_FCX_CU,Freeport-McMoRan,FCX,NYSE,US,L1_COPPER,Copper miner and refiner,1,Copper / gold / molybdenum,high,Largest U.S.-listed copper miner.,high,Commodity-price cyclicality.,medium,high,SRC_FCX_10K
COMP_SCCO_CU,Southern Copper,SCCO,NYSE,Mexico/Peru,L1_COPPER,Copper miner,2,Copper mining,high,Pure-play copper miner.,high,Country / political risk.,medium,high,SRC_SCCO_10K
COMP_TECK_CU,Teck Resources,TECK,NYSE,Canada,L1_COPPER,Copper / zinc miner,3,Copper / zinc,medium,U.S.-listed ADR with growing copper exposure post-coal divestiture.,medium,Capital allocation.,medium,high,SRC_TECK_AR
COMP_ERO_CU,Ero Copper,ERO,NYSE,Canada,L1_COPPER,Copper miner,N/A,Brazil copper,high,Pure-play copper.,medium,Country / political risk.,medium,medium,SRC_FCX_10K
COMP_BHP_CU,BHP Group,BHP,NYSE,Australia,L1_MINING,Diversified mining,1,Iron / copper / nickel,medium,Largest diversified miner with major copper exposure.,medium,Iron-ore mix.,medium,high,SRC_BHP_AR
COMP_RIO_CU,Rio Tinto,RIO,NYSE,UK/Australia,L1_MINING,Diversified mining,2,Copper / aluminum / iron,medium,Diversified miner with copper and aluminum exposure.,medium,Same.,medium,high,SRC_RIO_AR
COMP_VALE_NI,Vale S.A.,VALE,NYSE,Brazil,L1_NICKEL,Iron and base metals,1,Iron and nickel,low,Diversified base metals incl. nickel.,medium,Iron mix dominates.,medium,high,SRC_VALE_AR
COMP_AA_AL,Alcoa,AA,NYSE,US,L1_ALUMINUM,Aluminum smelter and bauxite,1,Bauxite / alumina / aluminum,high,Largest U.S.-listed integrated aluminum company.,medium,Energy-cost exposure.,medium,high,SRC_AA_10K
COMP_KALU_AL,Kaiser Aluminum,KALU,NASDAQ,US,L1_ALUMINUM,Rolled aluminum products,2,Aerospace / industrial aluminum,medium,Speciality aluminum products.,low,Cyclicality.,medium,medium,SRC_AA_10K
COMP_CENX_AL,Century Aluminum,CENX,NASDAQ,US,L1_ALUMINUM,Primary aluminum smelter,3,Primary aluminum,high,Pure-play aluminum smelter.,medium,Energy-cost exposure.,medium,medium,SRC_AA_10K
COMP_MP_RE,MP Materials,MP,NYSE,US,L1_RARE_EARTHS,Rare-earth miner and magnet manufacturer,1,Mountain Pass mine plus magnet plant,high,Only U.S.-listed pure-play integrated rare-earth name.,severe,Capital intensity; China pricing pressure.,medium,high,SRC_MP_10K
COMP_USAR_RE,USA Rare Earth,USAR,NASDAQ,US,L1_RARE_EARTHS,Rare-earth magnets and Round Top deposit,2,Magnet plant and HREE deposit,high,SPAC-listed pure-play rare-earth name.,severe,Pre-revenue magnet plant.,long,medium,SRC_USAR_SPAC_CLOSE
COMP_UUUU_RE,Energy Fuels,UUUU,NYSE_AMERICAN,US,L1_RARE_EARTHS,Uranium plus rare earth oxides,3,REE processing,medium,Adding REE separation alongside U processing.,severe,Multi-segment focus.,medium,medium,SRC_UUUU_10K
COMP_ALB_LI,Albemarle,ALB,NYSE,US,L1_LITHIUM,Lithium chemicals,1,Lithium chemicals,high,Largest U.S.-listed pure-play lithium producer.,medium,Lithium price cyclicality.,medium,high,SRC_ALB_10K
COMP_SQM_LI,SQM,SQM,NYSE,Chile,L1_LITHIUM,Lithium chemicals,2,Lithium and iodine,high,Major Chilean lithium producer (ADR).,medium,Country / political risk; pricing.,medium,high,SRC_SQM_AR
COMP_LAC_LI,Lithium Americas,LAC,NYSE,US/Canada,L1_LITHIUM,Lithium developer,3,Thacker Pass project,high,Largest U.S. lithium development project.,medium,Pre-production.,long,medium,SRC_LAC_10K
COMP_NUE_STEEL,Nucor,NUE,NYSE,US,L5_GRAIN_ORIENTED_STEEL,Steel production,N/A,Sheet and rebar steel,low,Marginal exposure to electrical-grade steel; mostly flat carbon.,low,Cyclicality.,medium,low,SRC_NUE_10K
COMP_CLF_STEEL,Cleveland-Cliffs,CLF,NYSE,US,L5_GRAIN_ORIENTED_STEEL,Iron ore plus steel,N/A,Iron ore and electrical-steel-adjacent,medium,One of few U.S. firms producing some electrical steel.,medium,Mostly carbon steel.,medium,medium,SRC_CLF_10K
COMP_STLD_STEEL,Steel Dynamics,STLD,NASDAQ,US,L5_GRAIN_ORIENTED_STEEL,Steel,N/A,Steel,low,Mostly flat carbon steel.,low,Cyclicality.,medium,low,SRC_STLD_10K
COMP_UPS_LOG,United Parcel Service,UPS,NYSE,US,L1_LOGISTICS,Parcel and freight,1,Parcel; supply-chain solutions,low,Indirect exposure to AI hardware shipping.,low,Macro cyclicality.,medium,medium,SRC_FT_AI_INFRA
COMP_FDX_LOG,FedEx,FDX,NYSE,US,L1_LOGISTICS,Parcel and freight,2,Express; ground; freight,low,Same as UPS.,low,Same.,medium,medium,SRC_FT_AI_INFRA
COMP_GXO_LOG,GXO Logistics,GXO,NYSE,US,L1_LOGISTICS,Contract logistics,3,Contract warehousing,low,Indirect.,low,Customer concentration.,medium,medium,SRC_FT_AI_INFRA
COMP_KKR_FIN,KKR & Co.,KKR,NYSE,US,L1_FINANCE,Alternative asset manager,1,Infra and capital solutions,low,Major DC infra investor (CoreSite; KDC; etc.).,medium,Cyclicality of fundraising.,medium,high,SRC_FT_AI_INFRA
COMP_BX_FIN,Blackstone,BX,NYSE,US,L1_FINANCE,Alternative asset manager,2,Real estate and infra incl. DCs,medium,QTS data centers and Aligned Energy investments.,medium,Same.,medium,high,SRC_FT_AI_INFRA
COMP_ARES_FIN,Ares Management,ARES,NYSE,US,L1_FINANCE,Credit-led alternative manager,3,Direct lending plus infra,low,Lender to several DC and infra projects.,low,Credit-cycle exposure.,medium,medium,SRC_FT_AI_INFRA
COMP_BAM_FIN,Brookfield Asset Management,BAM,NYSE,Canada,L1_FINANCE,Alternative manager,N/A,Infra and renewables,low,Significant infra and renewable assets adjacent to DC growth.,low,Same.,medium,medium,SRC_FT_AI_INFRA
COMP_CRWD_CYBER,CrowdStrike,CRWD,NASDAQ,US,L1_CYBERSEC,Cybersecurity,1,Endpoint and cloud security,high,Strong cloud / AI security exposure.,low,Competition.,medium,high,SRC_FT_AI_INFRA
COMP_PANW_CYBER,Palo Alto Networks,PANW,NASDAQ,US,L1_CYBERSEC,Cybersecurity,2,Network and cloud security,high,Largest enterprise cyber platform.,low,Sales-cycle elongation.,medium,high,SRC_FT_AI_INFRA
COMP_FTNT_CYBER,Fortinet,FTNT,NASDAQ,US,L1_CYBERSEC,Cybersecurity,3,Network security plus SASE,high,Hardware-led network security with material DC exposure.,low,Competition.,medium,medium,SRC_FT_AI_INFRA
COMP_PLTR_AI,Palantir Technologies,PLTR,NASDAQ,US,L1_AI_SOFTWARE_STACK,AI software platform,1,Foundry and AIP,low,Most U.S.-listed pure-play AI deployment platform name.,low,Government concentration; valuation.,medium,medium,SRC_FT_AI_INFRA
COMP_SNOW_AI,Snowflake,SNOW,NYSE,US,L1_AI_SOFTWARE_STACK,Data cloud,2,Data warehousing and AI,low,Customers running AI workloads on Snowflake data.,low,Compute cost cycle.,medium,medium,SRC_FT_AI_INFRA
COMP_MDB_AI,MongoDB,MDB,NASDAQ,US,L1_AI_SOFTWARE_STACK,Operational database,3,Atlas Vector Search,low,Vector search exposure to AI workloads.,low,Cloud spend cycle.,medium,medium,SRC_FT_AI_INFRA
COMP_DDOG_MLOPS,Datadog,DDOG,NASDAQ,US,L1_MLOPS,Observability,1,DC observability,low,Largest U.S.-listed observability platform with growing AI-workload exposure.,low,Optimization headwinds.,medium,medium,SRC_FT_AI_INFRA
